ID,Target_Value
16086,0.6784856
8816,1.5143378
7175,2.3676782
16714,1.5472734
14491,1.0235023
11807,1.419719
19109,0.82055986
6926,4.5324388
11649,1.8877811
11961,0.96261245
3859,1.7899196
8128,1.2987566
2335,3.9913833
1829,1.2995428
15832,0.8982763
19748,3.7748485
5562,1.6439159
14477,4.432073
9178,2.2568297
5268,0.9852002
12624,1.594685
17825,2.8077435
18005,3.1566122
9982,2.0558085
5816,1.4634211
8585,1.822005
19437,1.9237686
2405,2.3797746
14818,3.137303
12015,1.7939703
16844,1.125864
14851,1.5219266
6291,3.4324174
20500,3.388759
15532,2.2165112
1918,4.1505866
16413,2.4963517
9830,1.3574762
16682,1.9601068
14222,1.0876337
8332,1.5785011
102,1.8170887
3386,1.2644682
9069,1.5902317
6439,2.9253612
13341,3.7188816
5079,4.035746
2484,1.2694681
5793,2.936891
3969,1.0907273
12159,1.0640447
12626,3.713728
5752,1.7117329
10886,1.674564
7582,0.82639253
13126,0.7667955
1054,3.5710208
19099,0.68388927
10032,3.4931374
4958,0.7051489
16669,2.2960517
6374,2.9690747
12540,2.2614331
12325,3.0623329
19898,1.0434988
8694,4.9359474
5957,1.8266094
3,2.4856164
4364,2.3493094
5375,2.387537
4314,1.0578144
5735,4.0188894
1348,4.801161
1804,1.6468261
19297,1.9199635
14613,1.7487192
10575,1.0595886
2133,1.8175656
420,0.94402826
20522,2.6719444
10651,1.2619559
10354,4.473634
13037,1.6402833
15782,2.9689853
8567,3.1291752
871,2.3581514
2005,0.692468
6639,0.9041773
16798,1.3003502
18934,2.021484
12531,3.3837552
15425,2.4640307
2495,3.7046394
10001,2.9365616
19022,2.6069283
4812,4.3256025
16118,1.0716935
5360,3.2210736
4829,2.212782
14182,1.8675282
19445,3.5359483
12100,1.2292545
16460,0.69487053
11628,1.9615484
292,4.470571
13666,3.3705215
17545,1.752259
10438,0.90279067
336,2.4412832
1207,3.7873216
4665,3.609319
3151,2.0387516
15992,2.2141304
12402,3.1654286
1550,0.79558766
164,1.1369159
4713,2.6584923
4233,2.442556
5190,1.3879906
13158,1.262851
3762,2.0288768
6209,3.619947
8336,1.0329894
19621,0.8451377
6417,1.8201454
193,0.94124603
1016,1.6737238
7121,1.4583168
11593,3.7133312
8495,1.9920132
11787,1.0743506
18210,1.5629396
10700,3.489664
17200,2.1850526
9476,1.6560053
19054,1.7833046
1387,1.0475957
20091,1.313417
16759,0.71075135
10561,1.5608813
13958,2.0895653
7083,2.501207
4011,1.4950148
5078,0.88397884
6996,3.05123
3433,2.284186
19728,3.0311456
8907,2.6274924
14100,0.6583359
5310,1.3667257
150,2.1447358
16538,3.4202762
8020,0.9787318
15577,2.0145276
12400,2.7773433
12915,2.9091845
1879,2.110903
4691,2.7759666
3905,2.6129231
10092,2.7398124
16257,3.6768441
4049,3.2289612
20480,2.0582585
1107,3.1413665
12659,1.7097095
9524,3.9449875
9623,0.8696434
1739,1.8505828
19814,1.6252244
5279,1.7348926
2040,2.6013417
3679,4.2707534
19640,1.702461
14778,2.1212993
7209,1.4870775
19746,3.785377
666,1.066733
6642,2.4993463
10113,1.4485765
13504,0.8793478
10819,0.66772676
7533,1.2492212
16321,1.2808969
12785,1.289285
6258,1.3880838
7503,1.3603847
9539,3.228538
2913,1.0862343
15374,1.9727259
9609,1.588763
883,1.5585754
14787,1.3810953
6785,1.383258
20195,4.167702
5600,1.7577664
18254,1.2172525
16800,1.3718792
15333,2.9852755
673,2.081367
18749,1.428407
19947,2.6467357
12348,4.7320333
9189,2.7148476
11765,3.8811126
8847,2.3236556
13746,2.3474736
3641,1.9868481
11622,1.444807
17432,1.6086152
17785,0.85950506
344,0.9245575
276,2.4216247
10185,1.7284485
18676,1.5320946
2297,2.907375
10826,3.1234295
10983,3.0789669
9603,1.745603
16764,2.811435
825,1.452214
19282,0.6596653
645,2.8089623
392,0.97875214
2909,5.016926
11044,0.9974117
8589,1.079093
9705,2.4184897
19872,1.2158397
14393,0.96702003
16742,2.2137828
4246,1.1246071
14905,1.1503494
14047,0.603506
1780,3.838377
4817,2.402996
16083,4.422217
9351,1.1041932
18528,1.2370121
6409,1.99631
15565,1.1304165
864,4.723504
18215,0.9866398
6912,1.4005737
9915,1.5914927
8306,0.6509404
10777,3.4826608
10291,2.4917235
18237,1.4163897
6608,3.8275046
3395,0.52602154
18948,1.3178946
17482,4.3178506
18787,3.120617
5969,0.80068123
18806,1.8092285
2650,3.0946758
18692,2.055035
5595,3.550794
4400,2.028707
5436,1.95991
173,1.4350033
3025,3.835545
17172,2.4185147
20011,3.1576412
14682,1.7724068
6684,0.681691
8023,3.7852244
10696,1.8325641
9081,3.3659065
7452,1.517367
5653,3.563987
7016,1.0060823
12445,3.5530953
14283,2.2801661
17714,1.0080494
7680,2.0349374
5471,1.4515707
1431,1.3119202
20035,1.0958514
17823,2.7620988
17519,2.3698046
4019,0.9477426
6190,1.3838234
11585,2.3187726
2496,4.728774
14068,2.8492644
2209,0.8059889
16108,2.4178438
11977,0.76804745
18108,1.451029
14675,2.1480603
13526,3.8468125
14233,2.0550756
1789,1.9020389
18348,1.7832466
17509,1.3182518
15076,0.9598999
6304,1.9533889
18085,0.88221663
6776,3.2152588
6707,1.125479
13189,1.6704565
15878,2.850167
3441,1.0733984
6735,2.596222
10205,0.73079205
15876,1.4357564
8583,1.7743616
10840,1.533411
12103,2.4539638
1147,2.025435
8949,1.8747289
10152,1.9888747
18891,2.1903903
16326,2.0999455
16284,1.6453098
10803,1.6194309
6046,1.2344921
10488,1.8593626
16688,0.8354667
14449,0.8269086
9871,0.62700665
8246,2.1121683
10621,0.96405125
19501,1.5073388
4182,0.7115085
3256,1.4327794
2649,2.1686525
13146,1.9257848
15888,1.176759
8345,0.8072559
8729,2.2158566
13495,2.089946
18818,1.6385387
15302,1.9997013
12949,1.8443327
5052,2.8054028
16014,2.8272986
381,1.7389553
4025,1.1589701
7793,5.012703
14214,1.1310079
14501,1.3214483
7386,0.66514134
16112,1.5053556
18060,2.8930345
2574,0.81865823
16729,1.773228
10805,2.5398793
2638,1.0483875
14395,2.0752556
5821,4.137154
10343,1.9441487
2975,2.333859
4517,1.7922627
9900,1.9671886
3863,1.2561448
11259,1.7134823
5564,1.4200165
13543,2.3157637
1315,3.7847157
15831,2.9226556
7849,2.2354255
15639,1.6863587
16851,1.4507618
13825,2.135759
18419,1.5421476
13035,1.1485999
384,3.69772
14577,1.2011843
5233,2.0902836
13777,0.7662674
9753,1.3270067
5,2.703922
6359,1.1631746
2578,3.794088
5212,2.8973937
3722,1.9494724
3241,0.822306
18904,1.542475
17430,1.3898613
18223,1.6557906
2740,2.899226
6930,1.6054566
4690,2.120216
18728,1.6055797
11268,3.7797246
66,0.7481229
18246,2.3448856
16099,1.3881668
17872,1.5609934
12485,1.7406244
5366,3.0239015
6092,0.9388283
13804,2.1180406
12772,4.0057187
11968,3.6527817
2241,2.3131042
6200,1.6014965
7605,1.5663097
19312,1.1992937
12122,1.8239542
14367,0.9030865
13658,2.1873126
11954,3.037395
9440,1.0398244
18552,3.7801986
665,2.1925836
2402,0.8954099
13342,0.79305595
16604,1.2350051
11941,3.2232308
15155,1.1198323
2748,2.9995499
2622,1.9576912
9504,1.1666049
1024,1.805118
13857,1.2716177
15108,2.984716
11481,4.853929
9361,2.1995864
11635,1.6047245
3864,4.1550894
19971,2.5215254
2452,1.8589128
19065,1.3131256
5822,1.0913601
19269,4.606261
2216,0.74799985
12285,0.82403946
9802,4.075029
16758,0.77366805
1799,2.5677195
207,4.5857186
13879,1.0977154
4929,2.3500283
14777,2.9810345
478,1.3395796
16111,1.1645349
16182,1.3694478
1611,2.818966
18557,0.79603875
1218,0.79387236
15330,1.3014482
9683,1.2371931
15058,1.7453797
4330,1.7480558
15899,0.9674201
14066,1.654994
8444,4.0810585
7472,0.7509712
8179,1.0330946
12328,2.7735314
9463,1.7598183
12386,2.422503
130,1.334261
15191,2.8497589
13271,1.2786167
12889,2.382235
20570,2.1118848
2151,4.1608253
5098,1.6635622
8154,3.1913204
6322,0.83330977
20010,1.6827085
2837,4.1315002
15774,1.5810148
8307,2.3062603
17488,1.6563088
9226,3.4979434
6488,2.4225352
3330,0.7327844
3504,1.9549326
14959,0.78468305
5494,1.376548
4457,2.1177917
3026,1.9906925
1097,3.670599
12986,2.2994685
2713,2.656452
4413,2.233364
12770,2.3003612
1046,1.1824493
7963,2.5895047
17526,3.5504565
6977,4.197326
195,2.9104042
12920,2.296483
12874,0.6156434
760,3.0849297
11455,1.5729246
18921,1.6996777
13336,1.7533894
7289,5.1589403
8339,2.077346
18307,1.1955845
12826,4.3363295
19208,1.3064296
4420,1.471937
10470,2.2266583
180,2.17869
16439,1.7587684
1552,3.0701423
831,1.7508692
1102,2.9817708
19223,1.1688683
17850,4.0563593
8326,0.59764034
7353,1.7668447
2836,2.9725907
7654,1.4958079
3384,1.6632035
2423,1.8552172
16269,1.2995001
12704,1.4498533
5347,3.3473983
7832,2.131597
17634,2.3370655
7041,3.4164958
15415,1.5260079
3376,3.4852378
19336,2.7568123
13280,2.9187174
19113,3.5995529
13447,1.3310133
11974,4.9123664
2592,1.5132886
12773,1.9062496
5868,1.6934097
15789,1.7978868
14494,3.2578068
4954,1.5818784
3487,3.1233792
5790,1.5762417
1771,4.074275
6500,1.6965342
10187,0.7436136
1694,1.8171774
11728,1.8897331
5962,1.1396265
13517,1.5426332
6017,2.2278447
374,1.2700989
4684,1.0664442
11432,1.9461482
2690,1.7804651
3702,2.366036
19314,1.3678124
6193,2.1052208
6078,1.3577899
8880,2.4484735
11748,4.76608
18663,1.2380861
9525,2.4606152
9200,2.2931294
19496,0.89679337
7,1.8918463
9580,1.6757559
11670,1.4455792
11474,1.4556681
20294,1.6722038
13569,1.7411884
4573,1.2103399
11181,1.325372
11656,1.7009706
5800,1.4840539
17827,0.65758914
14975,2.5236173
9615,2.3621185
2577,1.5572798
14572,2.1273763
4578,4.9557514
4269,1.6031395
2567,2.153608
9272,0.98310596
15169,0.8039036
15602,1.602451
9616,2.1888216
16515,3.2000117
9397,4.5080175
17983,2.1682892
7153,1.2449386
13473,1.553441
7908,2.5116699
4224,2.897491
488,4.1346617
4960,3.110868
7681,2.1981997
2089,2.9116359
4861,2.9570398
3077,4.2140465
1714,2.1908925
2777,2.9054549
11671,0.9994833
18844,2.5541706
304,2.7258668
10232,2.1154
1296,1.0786455
1464,0.78686255
15369,1.4373362
18037,1.8401998
7756,0.74809873
14603,0.6446444
6789,0.8062297
13024,1.3742107
12406,1.8155241
1379,2.4499872
7495,1.0666367
2626,5.4349875
4107,2.6438994
6228,2.1729841
6973,3.9796154
12844,4.0717
18801,2.2571983
18551,1.9418312
952,1.5796285
7474,1.2139841
4110,4.6150312
16059,1.451687
19858,3.022231
8275,1.5650212
16971,0.9832622
12895,1.2958679
13993,3.645185
5386,2.128742
4670,1.0172557
20206,2.9739954
14930,1.4987954
14039,2.4735384
18058,0.77173305
6798,1.0236734
17087,2.3293645
1933,2.758421
10284,1.2158992
6732,2.5158646
965,2.0834622
5261,1.3936769
11693,1.170829
10181,0.8665889
6748,2.979146
774,1.0335721
10487,3.567983
16318,1.802721
13320,4.6929293
3118,0.9410984
18014,2.3939285
17072,2.9597979
4447,2.82327
495,4.8906875
13264,1.6746908
5414,2.6296313
8011,3.2273002
14331,3.1318612
19577,1.3193517
14810,4.332727
10337,1.6212366
3961,0.62027705
13087,1.7507197
4516,2.402054
11865,1.8317292
3691,3.4821255
1783,2.9722931
17971,1.3711779
17796,1.1963837
8648,0.7453241
3255,3.6575723
17511,2.4377563
16251,2.7572103
1461,1.5019048
11332,1.65061
18725,1.8338276
11963,2.177624
14355,2.2250385
10045,2.156582
17091,1.3748662
16061,1.8713329
15398,1.5737727
3739,1.4578326
17471,0.6871301
16910,4.843893
17938,5.187193
13856,2.1822765
12372,2.5945961
7798,1.8984563
5953,1.572007
17074,2.555345
6249,2.3550522
9647,3.543326
18650,1.3257917
3638,1.6189442
3139,1.9266609
11074,0.7414955
1352,2.3434107
4781,1.4831054
3996,1.927466
12716,1.4686846
1709,1.4792837
9952,1.225471
4016,1.8124611
10647,1.456926
18627,2.537737
15854,4.686639
15453,1.6610696
6427,3.9094539
388,1.2748787
16349,0.7416919
11793,2.743681
10889,2.9084163
6474,2.152591
18192,3.2369666
2957,1.6276104
16756,1.5633113
10415,2.26594
17645,4.24314
1261,3.4590306
10267,2.6955981
20217,3.1428666
6157,4.9645586
17699,1.4146293
5680,1.4231304
19023,1.2993606
17129,1.9139135
15868,2.6840246
8067,1.9624363
8346,1.3644321
14977,1.978582
7890,5.0458107
7231,0.97212553
6544,1.9342486
16395,0.6315239
12185,3.9726334
9631,1.6924832
6891,0.9883795
20599,3.8488288
11367,1.5956657
14817,3.052289
15622,1.4355882
14434,1.5419319
7672,1.5782299
1982,2.6314473
19891,1.9962502
8119,0.8848198
9295,0.7700747
10147,4.57906
7484,3.0677357
18180,2.1632051
5897,2.0086837
14150,2.7573628
2795,0.638594
12275,2.0613444
9716,2.412393
520,0.7313796
16615,2.0174406
1381,1.0951744
8097,2.2153497
4722,2.3386917
5770,1.7120764
12966,1.3991543
4858,2.431734
8767,3.0219316
12364,1.749335
7377,1.459905
9033,3.0819652
2171,1.5973203
20026,4.0324626
10363,1.5808841
17425,3.5516045
10283,4.3748236
2905,2.8467395
3474,0.79642737
20135,3.6021702
15268,1.0888727
17211,2.3090599
14954,1.8985764
15320,1.9010227
10802,1.049152
9217,2.24087
8442,2.1141856
3613,1.3655037
148,2.3679273
14938,2.0935261
15773,4.9659524
10259,2.7965944
1306,4.032286
9430,1.5618035
10292,1.3004477
19081,1.4070269
2259,1.9168689
9860,2.5320332
1086,2.001435
10434,1.3857563
17098,1.3956957
1774,2.111894
18943,3.5567634
18137,2.5155895
7426,1.3027635
8953,0.635384
16665,3.2616496
8528,1.7427483
4256,2.8089795
8935,1.0617067
4730,1.2197062
11098,4.048793
4454,0.96415985
11137,3.300347
12955,0.75900376
1231,2.293248
10676,1.3153565
15022,2.2705
12314,1.6173956
14684,1.1543481
18298,1.5798686
8545,3.5999188
3228,1.9363184
14987,1.9289318
5885,2.0694547
5789,1.4934247
6643,2.5246334
6576,0.6512998
8312,3.5184166
6957,0.59387624
11312,3.306006
5936,4.141421
14134,4.5844827
6105,2.5328584
12378,3.6913688
585,1.5087323
2046,0.73657936
5906,1.3893032
10374,2.4319882
12550,3.8719666
20265,0.9223097
6733,2.33215
12798,1.0865219
534,3.1324334
10917,1.9645312
2394,3.1514282
1469,1.9013497
12552,2.4153054
15483,2.3383236
13844,2.4543726
18179,1.777251
1544,4.514107
19094,4.248859
19035,0.74412835
6515,3.7678046
1934,1.158595
3114,3.2499447
222,1.3752811
17443,1.2131364
1603,2.4906144
14159,4.475699
18771,2.9306226
18848,1.6075767
5257,1.8871539
765,3.3303833
19974,1.7870995
11756,2.3149397
20393,2.74596
20019,2.4585528
17546,1.7215483
13909,1.3303268
15536,2.8914323
17523,0.8742218
1666,3.1466353
5145,2.6590307
5259,4.7091556
11075,3.5519853
15540,2.0272706
7815,1.52635
12470,2.7705543
16029,1.8309685
12413,4.0929403
10193,1.5888524
6886,2.4161415
3155,2.575541
15983,1.4807985
4560,3.7136738
919,2.1482217
14795,2.0351632
20361,4.929292
11136,3.1288671
2238,0.6717505
18178,1.9722421
5860,3.255509
19139,3.5015616
586,1.5546684
17681,1.419122
11586,1.0812707
1050,1.581456
12114,3.4312108
18550,1.0937284
10617,1.9712706
5195,1.3682554
18007,3.0820336
12000,2.5752132
14835,1.5705152
12181,4.973708
11811,2.4378123
15822,0.7587961
18341,1.1767966
14847,2.7557201
17859,1.7182267
8124,1.1961062
14557,0.97028124
12279,2.772758
9204,0.8970987
1070,1.6142099
5662,2.8793952
12351,1.6821334
5348,3.425726
4857,2.8624325
4251,3.1159198
1535,3.670712
1997,1.2678802
11179,2.9081795
2871,0.7391013
8884,1.370739
2075,2.08421
1430,0.7051371
2145,1.3007799
11327,1.4675004
2367,3.3130703
7052,3.6788793
4227,2.36097
4952,0.84694827
17249,1.2339166
8845,2.961184
17498,1.99841
17028,1.8479735
5855,1.0305446
111,2.7062783
12050,1.4036827
10499,1.2482141
6132,1.5120113
18244,2.5089302
17799,1.4528857
8741,3.1620917
14874,1.5692031
4703,2.0722718
15470,0.9449655
3624,0.67688316
14258,2.156221
19152,1.2004755
12948,2.2064476
2958,3.6275208
19665,1.7485936
321,1.6287731
5476,2.7151043
2825,1.2189312
8065,1.2797514
15391,1.991607
11648,3.7664413
9496,2.9793105
14137,1.8650601
7388,2.3743238
3514,1.5731189
4643,2.5348935
7277,2.3273473
4497,1.7312317
6285,1.9042025
1488,0.94347876
16895,1.2739799
8184,0.92182416
17930,1.6588306
11280,1.4328811
5293,2.3194785
8636,1.7961655
15549,3.3904445
4749,1.2775522
693,3.023737
1904,2.071446
15677,1.6673867
14330,2.6957123
316,2.057637
17026,3.7358441
7901,1.5465565
8961,3.4901156
2733,1.8409538
15617,1.0540224
1463,1.7604847
2513,1.6989231
7230,0.95315427
10102,2.0959435
19635,1.5498838
6033,1.3637346
264,0.6684494
14178,2.9035797
3268,3.3358643
14653,1.3029877
1534,1.4982698
9535,3.0569704
5693,2.3062034
9742,1.8427916
5159,1.3735746
432,3.0190473
18569,1.1353985
12221,1.6779344
12448,3.295358
19063,4.8160524
5441,2.0415852
13572,0.77499604
1715,0.7888622
61,3.661615
498,0.65323335
14277,1.5010052
258,1.9641173
18748,3.6833615
1020,1.6615956
8646,1.8457855
9435,2.510014
19333,1.2055833
1988,1.334697
13003,0.93104154
19886,1.2779341
2788,3.384683
11695,1.9833475
2003,1.7234405
8465,1.0234295
8782,3.7953758
17720,1.923699
12553,2.0223336
2152,2.2243817
280,2.3970478
6296,2.767774
12940,1.7448326
17247,3.160483
9036,2.0633523
17870,0.5773844
18732,1.0010562
5646,1.1511309
7653,2.0517662
17450,2.0123305
3495,1.1226113
5707,0.8172105
18740,4.2223067
5987,1.7170213
16892,2.277017
3004,1.8339784
5182,1.1370968
13417,4.2537346
14974,1.642162
12904,2.320956
12683,1.8520963
11604,1.9572731
10464,1.320071
3578,1.6028124
17192,1.4439507
19948,1.5370581
10736,1.8447151
13671,0.84459114
5866,1.2708561
9960,1.2106059
9957,2.1266677
7477,1.0432032
6521,1.7205483
6115,1.5883563
7232,2.9656224
19461,2.5434747
1281,2.9342046
2525,2.9626796
870,0.9917504
4810,2.417199
8620,2.0659568
4770,1.6682574
19464,2.0612042
5448,2.0703208
4884,1.4438937
8529,1.3486999
12751,3.1505303
9068,1.5177362
8904,2.6849318
17856,1.6262386
15906,3.4242167
4475,1.8067749
2039,1.5443652
18573,1.3686153
7032,0.45507258
10717,2.552242
9977,1.0615996
14496,4.143382
310,2.5241618
2060,2.8790479
8651,1.3490999
17972,2.59921
12486,0.960384
10106,0.71461856
10016,1.5609375
19299,3.888991
18443,2.1598127
18991,3.074971
892,1.211622
12332,0.8419102
14242,2.056609
14864,3.7459922
18029,1.3560649
7757,1.3124497
20276,1.1754038
13464,2.29312
19251,2.9706779
4996,2.0387788
7826,0.9070101
3250,2.4615085
4733,1.7297764
10335,1.3901536
19775,2.3241794
4427,0.887129
9218,1.7591308
1214,2.1145327
1912,1.7225395
16602,2.3939114
12097,1.202431
6196,1.3798466
19517,1.3603666
15134,2.9984975
3893,1.245966
13591,3.3975759
12096,1.627009
20395,1.6116257
7768,2.630547
14507,1.3540252
4138,3.6898232
12822,0.5785488
9172,1.4736595
3970,3.211925
16177,4.375314
12080,2.2925503
8260,1.2917233
8629,1.2309568
2959,2.775963
10454,2.8332624
1939,0.80899334
6140,0.8379089
11079,0.8568131
2376,1.7445123
9136,2.3460665
12027,4.934737
5237,0.8788692
4004,1.1852033
7893,1.7810386
4437,5.0098825
20326,1.122295
5149,2.3760371
13134,1.4974911
7591,1.7008278
6731,2.561829
18413,4.7114105
9341,5.111569
65,1.6800814
12474,2.5798352
4095,3.8665454
7487,2.2122283
10592,1.168644
16713,2.382071
11194,1.8606665
4410,0.68829405
13619,2.09686
14901,1.3699903
5171,1.3432386
13356,1.438788
1561,2.3143175
7198,2.0337806
18120,1.6003015
9399,1.712876
5560,1.9279674
16940,2.3540425
11538,1.8709167
4482,1.9075817
14034,3.5418258
12345,2.3146672
8510,2.5018058
11456,0.5739559
13378,4.06674
15917,2.077135
15178,2.0470307
10571,0.8439609
8887,1.41867
18559,2.3054385
10017,1.021307
20634,0.6020503
14191,0.7536684
9255,2.205463
18205,3.9387405
15667,2.1442747
400,1.4814521
13488,2.1396976
8683,0.49545303
8632,0.85256565
3281,1.3572714
16600,1.2589945
1565,1.3199126
10835,2.7626803
16625,1.7702076
18757,2.039433
6076,2.4846106
8575,4.7911286
8500,1.307126
12033,3.6691585
18107,1.1194136
20368,2.272522
10735,2.6643908
4545,3.5299058
7618,2.423825
8455,1.8910389
17726,1.9291233
18575,1.6550148
17701,2.684706
17080,3.5846736
12199,1.9391949
9794,1.7576821
13062,0.93540907
1832,1.264875
13001,1.9313147
2585,1.9083084
19730,4.2984886
3111,4.1276636
14886,1.4492337
11417,4.567131
15010,3.053183
10091,1.0179446
7053,1.6361902
143,5.08922
15731,1.9694544
4147,1.7773969
11847,2.6109023
16579,1.1655871
17730,0.95664454
3312,2.9725325
9228,0.82093775
8296,2.2326148
10080,2.3006103
3979,1.506024
6826,1.4143817
8372,0.9042085
18344,2.2986875
3566,1.2304591
12926,1.9608475
13652,0.8405711
15546,3.4763565
15857,2.0876648
2768,2.7357082
3107,3.9441705
246,2.0300245
14433,4.49351
16689,4.1617956
9907,1.6471682
215,1.4751362
13069,0.9046159
1313,1.76493
4647,0.6464048
728,1.0968622
9682,1.4067533
18898,1.4790608
6171,1.7843376
10431,3.4422688
14264,3.8155754
17353,1.8021734
8846,3.1211457
13492,1.1388214
6490,4.5351305
3476,2.0539732
1817,1.5534458
11644,2.2623603
14011,1.9500153
19897,1.1930095
18798,2.7008243
7899,1.2468426
1914,1.2015355
6516,0.56816554
19420,1.4614452
7274,1.5424948
17468,2.6624227
17809,2.7158785
11595,1.323439
16642,0.4778305
7788,1.5911219
782,2.1541247
18750,0.5740757
10688,1.6500986
15748,3.0064821
9820,1.7167308
268,2.9211094
3512,1.8600209
20066,2.2621045
15909,0.85838336
3619,2.908873
13163,1.5676447
19306,1.1970484
3798,0.532196
12036,3.4352622
3428,2.4265285
12326,2.8428082
4453,1.0181061
4921,0.6077691
6129,4.261767
6589,0.5217953
5430,2.1031778
16102,0.6726233
11127,3.4263809
5172,2.5516047
13004,1.1097994
4229,1.7106752
9,2.748661
10087,1.1059064
2202,1.3347633
5785,1.8911072
941,1.021103
18312,3.7747226
1769,3.8848453
15084,1.5947647
18257,0.71032584
11231,1.4450334
4975,3.6006553
6504,0.83617383
6227,2.325192
6660,4.4521494
1441,1.8133539
16830,3.1332746
12173,2.7995515
19689,1.8661592
11675,1.0266353
7280,2.1549559
5129,2.6737208
17764,1.4198526
8520,1.2128557
19688,1.9111996
10848,4.2386847
16101,1.6409918
7644,1.560802
1721,1.79968
5596,1.0954816
4204,0.936375
18385,1.9267746
365,0.6751353
7718,5.0492425
11668,1.6224791
620,2.606119
16018,2.7692266
18020,2.7720902
19820,2.240928
3187,4.471676
6290,3.2989998
5095,1.243443
18175,1.3222002
20162,1.9043328
9350,2.120633
107,2.0873976
16835,1.5622454
14870,1.0303695
4046,2.805764
9492,1.8109322
3214,4.4570403
13733,2.3399022
5904,4.4132247
19173,3.901275
13527,1.4639951
17951,2.4912076
15480,1.019529
8918,4.418186
1091,1.3263496
8335,1.8042778
11013,1.2056514
20397,2.32171
4983,1.9511544
4923,1.5252577
18857,1.2327152
9282,1.2469323
20134,1.2314839
18815,1.4581133
9606,1.5078124
1847,2.3193212
6087,1.2223358
9182,2.9686885
771,4.3974404
11204,0.7436682
19735,1.315322
1188,2.1670628
3900,2.4902854
2236,0.853477
18218,3.2995083
19509,2.5597425
4978,1.740913
8379,1.7580665
6061,1.0988677
17456,1.1465124
19375,1.654273
8818,1.1709385
5381,2.2285836
6447,1.4043648
8221,1.4013027
5706,1.3405874
11114,1.0572315
2446,0.94661826
19855,0.86225575
5815,3.402647
269,0.9097252
8850,1.1098793
15300,2.6112058
5749,1.9563637
6192,1.5015036
2537,1.3371646
16813,1.5092434
13821,0.82183254
2508,1.5061929
8234,2.7645986
10975,2.3818195
6350,3.7478397
20384,0.8462807
11857,1.3843675
14657,2.928744
17165,2.8115458
12203,1.1219244
7037,1.0082432
15887,1.6351036
6986,2.6232965
10615,2.580309
1044,1.332823
1305,1.2725577
15599,2.72444
12861,3.8211398
10333,1.8258488
16550,1.7847989
5003,1.6301712
6763,1.3303738
13173,1.5070724
4158,2.0968451
20133,2.4524856
16437,2.272273
4663,0.94525325
14102,5.4342437
11024,2.5112875
18346,4.204058
11036,2.710963
11108,2.4956627
14122,1.1260583
11017,2.8037395
18136,2.305207
6893,1.4555124
19505,3.6099777
15834,2.6698864
19100,1.481196
7404,2.1414123
9063,2.8140147
15241,2.2179208
4704,2.736081
12738,2.270267
12487,2.7218497
2917,2.2204647
3022,1.577063
4091,0.88757
7771,2.9363396
15092,5.028008
223,1.4868361
3448,3.0781686
19439,1.0747626
11292,1.5181482
20215,2.6134982
1826,5.0742164
7715,1.3391607
17411,2.1848607
3333,2.1275394
1039,1.4598532
7158,2.4540486
13172,1.4443516
10733,1.6154826
3240,2.7223973
11929,0.7552602
509,1.5463461
16450,1.2766695
1486,0.94449615
1277,1.649842
10842,2.1943595
18397,2.5373461
6177,3.0411747
10125,5.220231
5580,1.5167987
14668,2.3942688
18538,0.94645137
19669,1.4631255
15981,1.087568
18979,2.222295
13225,2.4200764
2720,1.5194025
8534,1.3644594
9027,0.6586696
10820,1.8167961
19157,1.838179
220,2.654083
2799,2.174949
6159,2.2541375
3067,3.9450352
18233,1.7477255
1297,1.8422482
564,4.932832
370,1.9094757
4953,1.7024593
16498,1.3816838
16440,3.6453462
14583,2.2978592
5683,2.2634678
5229,1.6706254
12771,0.8213235
18048,3.498592
6875,1.3399483
5498,1.3355706
7960,3.7029235
4014,1.2062894
7635,0.7161759
16246,1.0289549
8034,2.5660596
7925,1.7272863
1125,4.368407
2300,2.6956983
19068,1.9397997
14511,1.3896698
2684,1.1896427
2791,0.89910114
14798,1.1820519
13740,1.8261398
13689,1.5524874
7948,1.3837582
7255,3.0625396
17815,1.9019697
19560,1.1767945
16722,0.87277067
1562,1.2051249
4869,1.3992782
19575,1.2122399
10014,1.556133
5335,1.465402
17297,2.9438698
546,1.2959188
10356,1.6003401
17267,3.5508506
13618,1.4168866
5852,1.5390499
18420,1.428052
14459,1.4403176
11654,1.1917007
9275,0.82085675
14368,2.1726103
3788,1.3719246
16574,1.7266995
15220,2.7821338
2678,1.2447345
6471,1.1255099
7633,1.5653794
10149,1.821804
4057,0.79721534
18520,0.99045163
17920,4.824139
8503,1.3145392
1415,2.1551282
7261,0.91871166
6011,0.958902
9355,0.8731333
457,0.81803656
9168,1.7590027
7951,2.0602329
9072,4.4989896
5302,2.085835
5970,1.7603623
16499,4.772559
16040,1.3066913
14072,1.8895754
2558,1.1312828
1279,1.4526598
8375,2.139268
14103,1.7189801
17530,4.392974
3394,2.022066
11662,3.0631566
1225,2.111393
18435,2.0941484
12800,0.8214863
13897,1.5073855
15828,1.1315992
3637,1.2381424
4682,3.3159757
12523,1.576813
11078,1.5119306
6649,2.4434748
13363,1.5305837
676,2.5476415
11953,1.5680071
12138,0.9437993
2560,1.1241839
4028,1.6078249
19307,2.1604161
9013,1.2166888
10474,2.3053648
20573,1.5864376
18384,1.2504067
707,1.2912362
6524,2.1474962
13521,4.182265
5005,2.6344855
7089,2.5000527
6172,1.1503055
598,1.3916314
3834,0.98422
10338,1.7017101
11342,2.9087882
17416,3.0028243
1309,1.5363238
12261,1.355516
160,4.191325
14958,1.2758168
19033,1.1320409
13377,2.8862948
13386,0.9019464
2676,1.8182137
11230,2.2953541
5000,1.1948271
16113,2.2203515
1063,0.8481375
19600,2.0422864
453,2.0093343
16486,1.5744139
15698,1.5250868
18493,3.2703564
6614,3.9700942
1840,4.468348
7205,1.7769253
1971,1.8017029
12132,3.8153725
18606,1.2000427
4460,3.2182002
7939,1.4556434
140,1.3220059
15096,4.8780084
10847,0.92634153
13955,1.2088189
16128,1.6334476
2266,2.4987469
16046,1.847985
9750,2.322378
541,2.4123206
13297,3.1482882
19977,1.9231116
7942,2.1467836
879,1.589958
14244,3.0564148
11636,2.4085941
1119,0.91153973
7800,1.3975704
7431,1.1181333
7748,1.3066852
15482,3.4471684
1234,0.9002167
3951,4.9213543
13501,1.3918467
17241,2.108136
10367,2.4693074
3007,1.4177744
13849,4.3765984
16529,1.384033
2471,0.7895051
15276,1.5212328
16041,1.3332866
7575,1.2179897
1924,1.4243647
1378,2.9041812
10272,2.152784
5645,1.8566036
8777,2.3603132
12064,0.55688584
12379,2.5264618
14424,2.336537
17160,1.3137821
20408,2.0127113
9420,3.375358
472,0.94354427
7163,0.51418656
14712,1.1672037
11498,2.589866
2320,1.1370925
16618,3.3683457
16883,1.4032103
6807,1.9134226
13312,1.9368885
16630,1.3361683
12200,2.2332165
19786,1.0347582
385,2.5314138
11744,4.039629
17867,2.6080127
18131,0.81165916
11937,3.9330456
17358,0.74063045
11295,1.809582
14725,0.57991683
6728,1.7630707
12038,1.1947266
17368,2.4139228
15938,1.887714
11617,2.5238972
5577,1.5849776
6429,3.392086
13887,3.1016424
4206,2.244049
1061,1.8195908
11209,2.114518
13481,1.1317986
20238,1.8069098
9447,2.2738972
15188,1.396035
11755,2.009066
3075,2.1087425
625,1.157507
159,3.6780555
18882,1.5210562
8893,2.4809418
6615,1.2631456
3633,1.3223711
3431,4.3357787
3316,1.6041067
7461,1.4375666
9909,2.3181896
3452,1.927788
593,1.697003
8852,0.8082851
20485,1.2205366
18614,2.3560624
11273,0.9742815
12297,2.382956
18119,3.4571419
2161,1.4429407
7784,4.116477
10798,1.478365
20173,1.5307748
11544,1.9571409
12115,0.93083715
10358,2.7323527
14194,3.5563004
14805,2.450704
17436,2.4745123
11362,3.7169747
5576,1.6553662
12520,1.5981077
17688,4.0421686
18123,1.1547323
2901,2.332052
10372,0.99599755
1770,3.028486
8416,1.2227054
16350,5.089578
2206,1.9928793
10923,4.643428
5898,2.1738076
4761,2.1772842
8914,1.7188003
4626,2.265668
4876,1.4891311
2092,4.243776
1893,4.6683435
594,1.410154
2756,1.5723641
13807,1.5453119
10673,4.488035
20304,0.8157973
5092,2.0141268
20321,1.8945144
3581,1.4805808
11336,0.6483018
18287,1.4745233
15613,0.73330677
11875,0.61580575
14745,2.0848682
811,1.7658192
9847,1.6953284
8561,1.1626318
18633,0.6670297
15935,2.7489154
20386,0.49282098
14152,2.2067668
12740,4.648448
2008,1.7302723
17262,0.87248147
16555,1.217713
399,2.0477521
9901,1.7653997
17576,1.34146
7301,3.1560528
11096,2.258763
9967,1.236107
16715,3.4816692
8044,1.9907709
6263,4.182088
15259,3.4608445
8759,1.61546
18803,0.955032
13634,1.7935736
407,2.5992236
4603,3.9141243
1085,2.145369
20568,3.6392505
6782,0.8042555
19428,3.5451386
6917,0.8551645
10279,1.7642597
5713,1.137154
4943,1.2642243
6343,1.7605902
1814,2.9245377
9387,2.2912211
11470,1.7676723
9016,0.6797875
8408,1.557498
3393,1.293733
16494,2.3706656
4525,3.232041
6294,2.578055
14733,2.2397697
11159,1.2920487
3777,1.1766083
9997,0.89052945
11446,2.4411209
13118,1.0678375
16672,3.2166398
7519,1.5071342
9105,3.738013
7300,2.0531216
922,1.6027012
11550,2.282735
3773,1.2183716
17532,1.3233788
18225,2.2500079
17607,1.500265
15113,4.277987
18975,1.520821
4495,1.4599202
13458,3.3532596
3014,2.0122383
15838,3.8081393
9530,0.8623083
7880,1.0126061
5217,1.139879
2277,1.3692734
10833,0.8125653
4759,1.5072674
20161,3.1132493
15039,1.7833754
8963,0.6607477
17517,2.6343913
9756,2.105842
10916,2.1712346
3992,2.2318711
1737,0.66446
2722,1.5225084
286,1.6835686
18887,2.9890835
10176,4.038941
8564,1.8059435
2612,2.1122818
12730,1.001332
4801,1.0209703
19080,3.7319343
13953,3.9422002
19478,1.751868
8448,1.7157452
6522,1.06507
12586,3.6148906
3313,2.2671418
7202,2.0557017
12925,5.0824013
8681,2.4795432
20374,2.4471116
4279,1.8040504
18330,2.0055854
9478,3.0647545
9455,1.338714
291,0.697827
13602,1.099796
12559,2.341086
9181,1.8868511
3734,1.9138685
1796,2.3913403
12069,1.8667338
15807,4.0767655
17675,2.2079864
11727,1.8116856
6199,5.204982
964,2.1297803
14502,3.5873954
19192,0.39741325
13830,1.8652271
16044,1.3427684
6628,4.5089445
8926,2.6358871
17587,4.5626774
11320,0.8368912
1037,2.1810436
9607,2.0833657
13256,0.58814096
8872,1.8833287
11850,1.4951165
14425,1.5778637
13379,3.1734457
3207,1.8651584
2687,4.9883933
5001,1.1872553
11618,2.3466916
16980,2.185285
3390,2.9314318
20493,1.8400265
17213,0.77490443
3236,2.7951207
15387,3.646021
13765,0.763806
7133,4.881453
19714,0.84962577
9225,1.8497906
13040,1.9064277
11413,1.8071978
17959,1.3664215
16502,4.3630505
3326,1.5582087
11911,1.5393345
2359,1.8619289
9196,1.0973517
15573,1.6413176
17136,3.1699932
4155,1.9083544
12969,1.0006199
14423,1.5002751
16551,1.4095523
11493,3.5307374
12674,1.5308207
13380,2.325325
5031,0.70864016
3310,2.0434778
34,1.1878388
19322,2.4704518
7677,1.5743606
15352,1.2852558
3532,1.5989656
1620,3.845237
16222,1.0626627
17605,1.4367535
1815,0.8622669
10751,2.1353576
4568,1.3614994
1834,2.9519193
6876,1.7540767
11012,3.2492118
17427,1.6129545
16487,1.520216
17264,3.139124
175,2.2685559
4584,1.0310647
1105,2.7837486
14503,1.7067463
4693,2.0566468
6964,3.673198
12690,1.5071948
13038,3.8775609
14588,1.8704662
3445,1.6162758
6195,2.074821
3002,1.2927601
8293,2.9343607
20184,0.67118436
18073,2.6090426
18032,3.8233361
9465,3.9010086
9713,1.25413
5818,3.664966
3607,2.858561
10306,0.86538136
16070,2.0286674
10155,0.5855683
10417,2.8808205
5967,3.2629218
5361,3.5794263
5165,1.1295669
14420,2.4322991
6842,0.7327257
11878,1.5375632
15256,2.579693
14171,1.3980612
6709,3.228288
16151,1.213845
15067,0.7333747
10206,4.1878953
15730,2.7162476
6312,0.7913146
3718,2.5995395
18045,0.7784979
18109,2.7354536
634,2.9638724
12990,1.0929829
31,1.0546474
940,1.3090854
5634,2.1339605
9875,4.2301054
12509,2.0187926
5127,1.263088
17363,1.48108
10065,2.9081304
10757,2.217602
8699,1.2397041
2757,1.0132744
6688,2.4581378
7950,2.977388
16564,0.79783106
7891,2.4117029
4820,1.6459782
4944,0.8560711
8064,2.7125993
12141,2.3575256
2282,4.671647
14952,1.9386955
10758,0.93910044
1008,2.0889928
19234,2.4766107
12032,0.89777166
14973,2.1820226
1395,1.8283284
7028,1.2317158
8334,1.5116063
2128,0.74926686
17800,1.5118774
9187,3.807962
17379,2.8434901
939,2.7108798
2817,2.1136842
1543,2.0049777
12323,1.9612014
14073,1.9500256
10994,2.682251
2447,3.8246055
6861,2.4926045
4870,2.0552864
441,1.7547264
530,2.094318
13906,2.4137552
12352,2.5152535
3725,2.4441063
1576,2.6822016
6543,1.4597288
10613,2.3221397
670,2.84349
3327,1.9045109
10766,4.7837105
2009,1.6588395
171,2.0454903
1683,1.4742447
19935,1.5540884
6672,2.7741635
6004,1.6887274
16885,1.6080109
19727,1.2524977
16893,2.95219
7170,2.5939243
16384,0.89310235
9180,4.857174
2618,1.9946886
11304,1.7146866
15753,1.1076704
5014,0.97263
13129,2.395334
13877,1.4798772
14622,3.228576
9996,2.0338047
14692,3.490502
484,1.321794
11117,1.6584282
4429,1.3997614
18522,2.1854825
8262,2.503784
13718,0.641852
2220,1.6741616
13662,3.0470996
4082,1.5363108
13980,1.7569803
15144,2.4049394
5357,0.84138775
9784,0.95490104
18377,2.0645795
11783,2.4805772
1111,4.62841
7458,1.0567659
14978,0.84625465
11541,3.780229
13985,2.5061665
16127,1.4946314
9388,4.770434
15574,1.7288551
17005,1.8928025
9274,2.2532012
1300,1.5697796
8866,1.2665731
3918,0.8877965
14696,4.4348307
18802,2.0992112
15288,0.97746193
14225,1.4119225
3387,1.3710558
13420,2.3186855
19310,1.5064025
155,0.80128276
8841,1.1186109
12250,2.18074
15491,1.1274147
17534,1.9754816
3565,0.766351
2269,1.3428644
8152,1.9198452
6310,1.4881802
8003,1.2398089
6690,4.193592
14476,0.9845805
16543,1.5843246
7549,1.305134
10702,1.2163317
12031,0.67958766
3177,0.81923884
2999,2.0809615
1905,1.4520719
786,3.3106124
4964,1.2554044
1530,2.0375907
3540,3.3715165
235,3.271677
6137,3.662231
1419,2.5690084
959,2.0200317
17906,0.9033157
7086,1.8444439
3800,1.3812253
1100,1.6481812
3183,2.6372008
19565,0.6316992
12498,1.6973896
19992,1.427792
6808,3.3308797
19500,0.72978014
12602,1.6247822
7506,4.1340737
14561,2.0265431
6266,2.3842442
1661,1.8734453
8689,0.8910502
15533,3.1956565
2995,0.7796751
6074,1.0788239
9866,2.9984183
14170,2.669176
11747,1.75315
8374,1.0112358
11706,0.8141055
17942,2.1742187
8445,1.7149963
20597,2.7353015
6774,2.0841846
19147,2.5572152
4352,0.83943045
10437,2.130072
8169,1.6066681
13168,0.83613414
17882,1.0472261
4862,2.842452
16744,3.33634
13071,1.5912429
12868,2.2087107
7851,2.619037
4715,3.6556675
792,3.5434926
18525,1.1119143
544,1.6625023
12167,4.8210897
1287,0.9784338
9575,1.6050491
10639,1.6326675
19511,3.6003716
18440,1.3228436
9484,2.3803992
8159,3.090612
13700,0.7903539
10162,1.6455446
19927,4.4316607
5931,1.6607574
11139,1.7786468
9009,1.6165466
18063,1.4874817
10129,2.5725493
12923,3.6091774
16685,1.9627815
15360,2.1654763
3411,1.7813202
10698,1.6877571
15982,3.7541778
15322,1.1844412
5338,2.3214278
4383,2.663427
17467,1.5393959
12883,1.7640032
19248,2.230306
11258,1.260327
7061,3.7858264
11101,1.1495664
16613,0.7025996
3414,0.82204926
16518,0.79057187
14379,0.95141333
1630,3.73816
7539,0.78625184
20159,5.2132587
16834,3.7104752
4340,1.109548
11494,1.5910063
14398,0.7667893
8453,1.791475
4610,2.122103
3570,1.4924268
13045,2.0124898
1236,1.6204649
12161,1.2397642
7075,2.0937111
6872,2.240954
11397,0.6996715
8027,1.6106946
284,0.9399273
17182,3.0104475
10671,2.282288
16443,2.6998134
12619,0.9945545
16594,1.2848299
15720,1.5760527
81,1.0611703
18374,0.86919963
18386,2.005951
178,1.4705883
10910,1.3723178
4758,3.539907
4481,1.6454427
13548,1.4120533
18509,2.4749653
2114,1.6374699
19862,3.6195755
19145,0.74644357
18860,2.8273113
14290,1.623298
5628,1.204776
12682,0.8306174
2655,1.4214576
15359,1.0060709
4260,1.9697155
7144,1.8936611
9160,1.4941039
4637,2.099112
5017,3.477794
8436,2.642957
3471,1.5172818
3652,1.8219793
2166,1.4337398
16471,4.2441144
2607,2.292654
9781,4.464636
3964,1.1783091
18122,1.966881
11339,0.63815653
19403,1.7167232
10063,1.5928646
266,3.6131968
8700,3.1619105
5875,1.4978974
7268,4.3690987
20147,0.76579696
15156,1.6232277
9012,1.3270878
13348,1.9569899
15455,3.5504794
2849,2.6284482
5074,1.7800808
4415,2.5359566
6197,4.046793
813,1.5710106
10303,2.4343286
1482,3.9154034
10475,1.7544134
4856,2.5891533
13793,1.5692348
8790,2.1167383
9402,1.5524582
13100,1.9473715
4210,1.2233183
14328,0.8524388
9382,1.5031449
15231,4.439091
8679,2.4869726
15101,1.7053219
14909,0.90110123
15044,0.8741124
3105,4.236764
6363,1.1245267
6556,1.3308073
12111,1.9456589
11105,4.1548157
16148,2.681914
15249,4.7781453
15324,3.0071518
13545,2.743552
5934,2.7267327
12828,1.220072
10691,1.802865
6764,1.5702176
19318,2.8636577
19561,1.9613708
13833,2.7746768
12534,1.4381529
2933,1.3520883
8167,1.0004648
3999,1.0266418
7012,3.7333019
17152,3.1855307
16347,1.0460327
15303,1.4614549
11821,1.2947876
11425,0.88026106
12177,1.6369793
15600,2.5067325
4556,2.3181043
788,0.61850846
5486,1.3547447
1548,1.8195639
237,2.1520875
7648,2.101737
9628,1.6075771
896,1.0498842
11082,2.9449973
15099,2.0111015
16645,1.0222448
6906,1.4484141
5859,1.6911852
7483,4.7481728
7421,2.8636756
5872,2.6535225
12767,1.2734792
129,2.990496
16644,1.2758402
14731,4.1617627
18325,1.897438
18059,2.4273381
16512,2.8606942
6671,3.9544988
6464,1.2518114
12478,4.7260523
2893,1.9454768
876,2.007131
11303,3.1743965
17463,1.3546284
6949,2.2134995
15749,3.4693215
12605,2.636084
9896,0.7044059
20083,3.1319823
20624,4.2763176
4699,2.675776
2415,0.63682926
16335,1.9318225
6664,0.6211164
15041,3.807912
14548,4.536729
7243,2.4326615
2132,0.56360304
15081,1.434808
14811,5.048314
11631,3.337387
19574,2.3821778
16719,1.0338314
104,0.65199155
20345,1.3207003
15412,3.074199
16728,3.3509145
1373,1.0876913
1311,1.356536
11374,0.8646593
46,0.6730102
19525,3.5513294
13613,1.1717708
18314,1.3709676
3230,1.0770614
13989,2.2940965
11760,1.1488633
7091,2.4374552
2001,1.3978919
3404,1.0882427
8630,2.335755
17285,1.3047941
787,2.2650511
7284,0.98590434
8449,1.7717854
14385,2.1500516
9146,1.081579
15676,1.4189711
3584,1.805876
12465,1.9244449
8318,2.5956712
7384,0.7402861
13846,1.1089437
705,1.2640013
2492,2.2409525
891,2.8607929
9242,1.6547073
7328,1.8308613
18127,1.8665466
3708,2.5569897
7728,1.4613945
15816,2.3120627
18671,3.4342766
14499,0.9580145
18490,1.6822178
18640,1.3926628
2766,1.2059991
8362,2.313649
13412,1.664262
18821,1.9704361
12099,2.788397
18391,3.195196
18892,0.5999378
67,1.484227
5007,2.096949
18982,2.5639212
16104,4.9209948
18945,1.6602535
9812,4.6111703
12927,2.2836294
10190,2.9358573
6147,2.6948109
1556,1.7059952
5081,1.7246933
9345,1.3790731
10202,2.8286939
5896,1.237183
17438,2.0281568
17191,1.1051457
7830,0.81652784
5686,1.8312756
12848,0.6200703
4094,3.616689
3056,0.6794176
13725,1.227789
19276,2.6122704
603,1.8489288
2117,1.9990753
6780,0.7199483
16053,4.091824
4896,1.0586231
4390,3.544733
7972,1.7434146
5309,0.851433
4827,1.7880573
15879,1.9930484
12755,3.4832282
20126,1.8159453
5777,3.036422
12766,1.5623335
13333,0.70409596
2898,2.5517871
8387,1.4538589
12913,1.4484046
17014,1.534356
8713,2.294632
20461,2.5788922
805,0.6506702
9590,1.9808556
18940,2.0366046
5140,0.65906405
13616,1.197651
8999,2.937324
3601,2.0165508
8588,4.317872
13978,2.091034
18054,0.8158323
7030,2.1175427
12021,0.9891046
1288,2.314464
17709,2.147432
2244,0.81793845
4087,4.876327
2664,2.797544
17721,1.568037
3472,3.2631538
10949,1.1114515
19553,3.992578
18786,1.3864423
18980,0.75254625
18378,1.3021784
6596,1.3979626
15959,3.344585
7910,1.3408098
1803,4.418668
11232,0.99396455
1219,1.8975586
8692,1.9856231
172,1.846137
682,3.4942555
11050,1.626578
2028,1.8381269
2778,1.4771401
13202,3.603932
7324,2.0144734
2785,0.72540104
12513,3.6735275
18562,3.312524
19452,4.477769
4316,3.2957299
16789,2.2066388
6526,3.6858437
11741,1.7661861
11753,2.341743
25,1.1603361
20558,1.7519798
14172,3.8563228
14515,1.8684975
16949,1.9143083
7962,1.8476187
9169,1.9211267
2985,1.0052028
980,1.8006
14558,1.2082014
19648,1.4364636
16651,2.0539591
7983,1.7570606
16447,1.9562038
200,2.3822749
19654,1.3401499
13703,2.3736236
1472,2.8310454
4001,2.4526668
12004,3.6702602
20316,2.3541348
14296,3.7706413
13120,3.5831962
4399,2.3198907
7079,1.4489515
17441,1.720093
16693,2.6196618
12065,2.9721513
7645,1.7144741
2842,1.3179909
7869,1.1545378
6166,3.1852198
2000,2.778092
17184,1.4029944
15928,3.3902276
5869,1.3172156
13803,1.3425186
10669,1.5342315
11855,2.2886155
17323,2.9341583
11475,1.9225372
1475,1.2607963
20033,3.5908267
5329,2.5299678
741,2.957825
16791,2.3530393
15378,0.9186389
4838,1.8695285
13096,1.097553
15386,1.8404661
18229,1.2817231
9079,1.3037297
11385,1.569349
18102,2.4415975
13755,1.5182083
9635,2.083516
1436,1.861125
3309,2.6604652
19853,2.036995
901,1.4072745
7434,1.7459332
497,1.1424303
3044,2.2692428
6555,4.648166
5299,1.6101129
14018,2.0756662
15308,1.4661226
7809,1.9673221
7534,1.5517616
16929,2.4510489
16716,3.791291
9451,4.672941
17355,1.2181375
10244,1.9900948
16333,1.921962
20396,2.4037116
12060,0.8641208
2470,1.7208521
14742,0.9646162
3358,3.462152
13376,0.7445273
10731,1.8092804
957,2.3880951
16287,1.2437971
17397,1.5616719
19474,2.4444497
6779,4.1386056
12830,1.3863308
19279,2.7420845
5185,0.94838685
10837,3.114671
68,2.2863877
8731,1.2020257
18625,0.85851157
15476,1.217758
9739,1.9735763
20097,4.5653253
10701,2.5352752
15123,0.925626
2804,3.056537
10913,1.5815928
642,1.3731512
19277,1.3370733
5650,1.7479877
14724,1.6326071
14110,0.7630943
8680,1.1593256
8505,2.857881
1756,3.3308053
14440,1.1831661
15572,4.623912
15800,2.1546283
7345,1.827174
16184,1.4114127
6070,1.9843702
16606,1.6726192
15649,2.3676038
17493,1.6768776
5994,0.9811801
14370,2.3578243
11021,1.8271492
19321,2.9749637
15213,1.8371449
13753,1.5714924
10711,3.4047189
12917,1.1288536
20436,2.8002377
13461,3.177609
15837,3.5069041
2421,1.703282
12109,1.7751968
7944,1.7074738
4221,1.1640745
20544,1.3608344
11314,3.2201965
8185,1.5908383
6385,2.7591472
9236,2.0534244
20,2.196389
9261,0.5672692
15109,0.71723115
5909,1.3268701
19782,1.387043
7363,1.8282871
6415,1.0373943
1588,2.3406417
691,2.2859921
6601,1.7330252
6525,2.388331
11027,2.9453638
16025,3.9888465
19870,4.6708345
10287,2.0992606
3827,1.5498445
2067,1.2842987
18012,1.5300916
18278,1.0218381
9534,0.7733385
8758,4.738341
10636,2.272402
1066,2.3589568
13459,3.5536532
12897,3.0337486
20298,1.4103899
2731,2.1543536
2427,2.1794267
11201,2.4480677
8092,2.8213818
7267,0.60233057
14620,1.0915291
8385,0.82679826
19899,1.9132185
18713,3.3106236
15914,2.912971
12888,2.7865381
7875,0.9313587
12677,1.802103
13097,0.91123706
15551,2.9031558
11316,2.2556539
93,1.5353901
13018,1.5622374
5025,2.375469
4531,3.029105
3245,2.924743
4928,2.0562403
15861,1.6252493
15294,4.2027693
1365,1.7152901
11698,5.383661
703,2.9723256
1465,1.1852233
2213,4.249097
8228,3.4434288
8989,1.3459038
4974,4.8735123
6866,3.1568274
9107,1.1535245
10319,3.1767595
12500,4.680825
20440,3.557132
11003,1.3667234
6265,1.2410989
11625,2.1983585
19198,0.5960782
2534,1.6620958
15059,2.2108676
10024,3.5066967
11529,1.8415442
1502,1.2110536
2688,3.5367382
18953,4.8221717
5434,1.2909507
14770,4.083619
674,3.1688454
4329,3.2670662
16599,3.1800373
15015,3.9808521
8359,0.57292986
2880,1.2791542
5270,3.5345433
10977,1.5271327
17124,1.1649721
3249,1.023753
6857,2.2279606
1480,1.8765844
3005,2.041309
12526,0.9332655
9584,3.610577
11496,3.7966208
4102,1.9596096
2923,1.474613
1968,1.6360451
11714,2.088859
6384,1.8060858
4315,1.7744585
6224,1.7622598
11603,2.6509964
14121,1.2595203
6368,1.2468503
18847,4.1598215
15672,0.78484905
5026,1.0292064
14700,2.7502818
10398,1.5413059
8789,4.065538
801,4.902362
3973,1.7890301
20337,1.3316988
19121,1.1893784
1533,1.1298702
3602,2.0600638
1762,1.6430544
10451,2.5219486
4213,1.2422966
8939,1.4795196
3259,1.7151083
1000,2.0694664
4834,3.0162277
1250,4.245407
1655,1.7092441
16444,1.7277257
4612,1.1332903
11897,2.9777954
12056,4.298697
20230,4.7519426
13257,2.8550513
19658,2.1720874
6773,1.4225612
15364,1.0449553
9519,2.6706436
4905,1.9267483
9929,1.7421347
9834,1.7741153
1041,2.06617
8644,1.6195358
3193,2.4779968
2167,1.7478578
15093,1.7536457
10221,2.394099
18918,1.2685583
18532,2.5095916
15766,5.1243315
12660,2.1496034
14862,2.6088824
11854,0.9005267
2478,1.2230278
17303,0.9260508
11152,1.2281722
11192,1.8727951
15095,2.0038252
5468,3.4272437
15481,2.1570063
4478,0.6948372
11062,1.5500621
20148,1.7582077
14051,2.289229
10637,1.4776621
3280,3.125168
4171,3.4065385
14210,0.5409029
8475,1.2501369
2873,1.853708
16541,2.2382607
3375,1.4435186
10446,2.5380826
2102,1.520649
16793,1.0937274
9099,1.3122755
16620,3.4015687
16590,2.502667
18957,2.4389362
14890,1.9112301
14771,3.4435086
2157,2.1439278
10167,1.7247341
354,2.4502282
9413,3.7078178
6563,1.0710882
18646,1.3484154
6041,1.98277
10462,1.5942366
13321,1.6192427
9579,0.9579155
13743,2.935949
9625,2.0512085
14625,2.0698874
8277,1.1235094
13372,1.5820656
719,0.8485516
2972,2.606776
10800,2.733027
16142,2.2649395
19915,2.0792313
2858,3.104217
10939,1.6615213
13281,3.4390304
18128,1.0506395
10797,0.76583004
18372,3.0619173
20094,2.0592384
20537,1.1721243
5734,2.5309436
10404,2.8094
10539,2.8198082
2531,2.1841908
6085,1.3608392
7210,2.5875118
4370,2.150049
19901,2.0942605
1517,4.1649237
14156,2.0272174
18607,1.5637194
4506,2.8738208
11482,0.97246075
3518,1.3510697
12857,1.5994987
20613,2.9712176
17180,1.8379625
13232,3.6854005
9837,1.200481
6907,2.5904436
16024,1.4727488
18214,1.2093894
3902,4.060654
6485,0.74870646
8392,1.5931242
1560,1.6616762
19415,1.2438428
1409,3.1293557
1318,1.5922031
9654,0.90432674
4296,3.9312332
7979,1.0963709
15091,1.375179
11028,1.1414998
2399,2.5252888
2459,1.3990936
10707,0.8313812
3042,3.8503857
2158,2.0381017
13355,1.9791462
450,4.066911
4624,0.5922273
14220,3.4894729
14058,2.9381824
11758,0.56969994
16003,1.9359744
7610,3.4889572
524,1.7229631
13317,2.39334
9879,2.8877902
10788,1.3040419
15679,2.901934
6827,1.6542208
14078,2.171484
13709,1.612807
8114,2.3631544
112,0.52268666
2954,3.173705
8461,1.0078992
16147,1.8752552
12123,3.1368403
18230,2.5733984
15180,1.2437003
13396,1.3920858
7691,1.8026562
14441,1.0158278
11730,1.0902766
5487,0.84616154
13110,1.3454897
7244,2.5048501
17458,1.6380265
10163,1.6331961
4912,2.2276099
16382,2.3374233
11356,3.9786606
9537,1.6832863
2762,0.80251443
15435,0.82259685
5572,1.4468315
1195,0.99130714
14128,2.9953966
11763,3.512715
10971,1.1592811
1906,1.5544415
5712,4.158906
5457,1.3998228
7342,1.0540054
2108,2.1301687
10518,1.4983894
19894,3.0417778
3678,3.0057561
3083,2.3407807
17975,1.8484226
7303,1.6424776
11252,1.4476649
19170,2.5326812
12877,1.8648926
17941,1.7670743
11199,3.2545693
10703,3.580394
20202,1.3891771
5372,1.5484097
8273,1.8207299
11535,1.7534755
5029,5.2884912
9469,1.1153215
7394,1.2242028
12598,4.7360625
16611,2.1038146
343,3.299657
14468,1.8589481
16377,1.2210829
13327,1.4550318
17206,1.2532091
17547,4.6975303
3963,4.451618
8161,2.9537466
4222,0.85410845
6531,4.575657
20608,1.7516178
10552,0.64859325
10317,1.7675312
18095,1.355381
3405,4.715764
18163,1.1282597
10453,2.2130973
11946,3.2984626
17849,2.2669148
18270,1.3998162
2424,2.199697
10330,1.9960625
12044,1.0040312
8116,1.1222767
8602,4.0831957
19811,2.1827939
7245,1.2024536
20366,3.6112607
3693,0.89527005
16298,1.7483532
12429,0.9463903
12415,1.0075006
8104,1.291309
18250,3.8123608
6909,5.065753
17277,1.8026848
1515,1.9257545
14849,1.2631183
2385,3.4540787
8760,1.6391175
6095,1.6894729
13918,0.9362674
1017,2.0129867
9963,1.9863672
5225,3.0005355
9362,1.3218949
6904,1.7131574
20377,2.163275
20270,1.4572102
14050,2.514447
13184,3.485733
4559,1.9918817
4205,3.6914654
10364,2.9301453
16914,2.3204732
11899,0.78020585
17322,1.8902428
19546,0.93193233
15703,3.7957978
11719,2.0057073
19810,0.7503459
6375,0.7792117
10881,1.342202
1211,4.763466
3202,2.7111256
8087,3.375009
14488,1.0144923
20348,2.1125798
9391,1.804821
6645,3.5918446
6453,1.8567854
7760,1.0879843
14788,2.0157654
3082,1.5210434
2925,1.7232088
3515,2.823074
8055,1.4416549
14663,1.519762
4200,1.6911587
5418,2.65425
15561,1.1272782
5232,0.83141375
3465,1.5971365
3055,3.014542
7430,2.6719365
19274,0.74667084
13434,0.8519863
5111,1.533028
538,2.2007701
7679,1.8448961
5099,2.133167
14857,2.5003083
13238,1.7342838
19038,1.862889
12349,1.2819521
6377,1.9148932
2514,1.5888047
11610,1.0166053
7445,2.3238947
19007,3.8036747
5284,1.4030832
7922,1.1654803
13608,1.908844
19617,1.6907133
12068,5.125083
2239,1.4506375
17258,1.3954016
15167,2.1135862
19969,3.3165708
11210,1.9294157
2346,1.6622016
2557,2.5164566
17529,2.3611517
3498,2.2199483
10447,3.97608
4685,2.3583605
19451,1.4753404
17349,1.0944589
11053,0.5343549
4253,1.213207
16045,2.8295913
6461,1.2696154
13590,1.6437204
2403,1.1710095
14529,3.8160286
8076,1.9275801
10036,1.2428445
16833,2.497975
1210,4.1983747
18698,0.78111506
8821,0.61907285
1541,1.0554378
10612,3.1607914
5416,1.6754293
11757,1.7098477
6501,0.6783184
10720,0.6583606
12821,1.795792
11241,1.4657787
16370,1.8483721
11153,1.2893206
14285,1.7664036
19518,2.0547307
3837,1.6554768
5499,5.0614214
17559,0.72750235
8261,1.4677082
5526,1.1822481
9836,1.5624921
11142,1.0396713
13665,1.245075
12817,2.7377448
5921,2.494656
8837,1.527255
5963,2.4016752
5353,3.584383
7366,2.023083
18827,0.6297468
17174,3.9056733
371,1.5258006
12656,1.9607697
2948,0.5305686
19083,1.0942723
13719,0.9769846
10530,3.1363482
6408,1.1495653
4894,2.9830544
17118,1.5482213
4671,1.2647004
11471,1.2208884
13563,0.98809433
19026,1.0253859
9938,1.9479053
2188,3.7938752
18486,1.8319252
19804,2.1606612
19330,5.296576
13299,0.7953561
1058,1.9343455
1298,0.9331709
10694,2.065887
1084,2.528895
10993,2.663082
4681,1.8618596
6821,3.378444
624,1.1893514
12265,1.4155777
17879,0.8058025
9302,0.7895632
330,2.661058
13923,0.8332974
7065,0.6566025
9889,1.9863625
2624,1.5021893
736,2.2055748
4886,2.0936954
194,1.5377592
4163,2.5238068
391,1.720541
13248,1.4430711
12796,3.1643577
17307,3.0750177
1947,1.3068488
13806,1.1090863
17479,1.3020751
1090,1.4779537
13828,1.6518246
2647,1.3011278
15739,3.6160553
17828,3.0438857
5216,1.423062
12293,1.3964698
10021,4.1617246
10247,1.997263
12672,2.1923194
9020,2.2657795
12522,1.6710291
15327,1.9458036
15776,2.7111802
1839,2.0125759
11817,1.7670025
17593,1.7179525
319,1.5782793
10908,0.7404121
10050,2.303062
17137,1.4856012
15582,3.4086158
9549,0.5495979
12420,0.93017805
7313,3.6580734
18255,3.1834364
1290,2.470459
13813,1.5980241
14130,1.1758752
16292,0.637395
19587,1.639177
4357,0.7228162
11104,0.75275594
5235,2.6194973
3143,1.1940641
9060,2.0939083
2526,0.96667874
17400,2.6933925
2786,0.9625595
20563,1.1293504
9262,1.4518273
11256,1.7648561
6561,1.8369739
227,1.9166721
326,1.2135708
8606,1.0189638
13768,1.756519
14341,1.674516
6122,1.6567787
7791,1.5494153
14780,1.0296879
17748,1.031066
970,2.591757
16431,5.0529995
5480,2.6277602
9632,3.5083137
6361,0.8351698
11837,1.6777122
5973,2.6040936
13986,2.1338077
4596,0.8949755
7786,1.3501747
12924,2.415833
7813,1.2336584
9752,2.6158123
6299,0.55584925
12657,1.0951865
13919,1.5299733
19860,2.8028183
10169,2.1520193
16215,2.9022403
14004,2.812607
19671,1.1109121
2442,2.618664
19784,2.5917766
2106,1.7052357
533,2.09449
5980,3.2582526
6616,3.1229959
11792,1.6140177
16525,2.7819161
1549,1.4712389
6075,2.5514328
16546,0.69179565
19530,3.1895301
12790,3.1144648
19982,2.3309474
5356,1.7924263
2511,2.804717
18838,2.386413
3737,0.9184036
13410,1.1761639
20167,1.5374186
17431,2.22512
9238,1.7299268
7380,2.7438042
2408,0.97705543
5484,1.8233439
5546,1.965257
8857,4.412566
1168,2.5222297
5775,1.7799011
6545,2.1497455
20612,4.313723
10096,1.5112054
18327,3.7216973
4920,4.393371
7560,1.1514177
8890,1.6265316
13566,2.0750976
406,2.4276376
722,2.498477
17218,1.316481
2404,1.5353736
10879,1.7695433
20468,2.3536325
2332,1.5129025
4623,1.8992401
7189,1.2914459
755,1.641732
7147,3.293845
481,2.9023201
7589,1.25213
20165,4.219931
10920,1.6969864
19625,1.8469036
17291,2.490236
5096,1.345519
1843,1.394914
4250,4.1707034
11087,3.8749585
8383,3.6326034
4347,1.3195336
6420,2.739015
1410,2.3199615
10714,2.3665762
18865,3.0399482
16545,1.1522344
12145,3.4740767
10506,1.1502068
9526,2.9469512
15644,2.5221
19449,1.360022
6659,3.2508378
7799,2.0264957
8062,1.6791159
6459,1.8957989
18708,4.1146073
9702,1.7279072
91,0.9678168
154,4.227503
12382,1.8243443
16143,3.0496526
11658,1.5502468
1673,1.3885956
5289,2.2302418
16692,4.285656
6473,0.8932201
14526,4.002303
16848,2.1707335
9431,1.9780865
5238,2.1134872
14566,3.9693103
1867,1.2287726
2656,1.9049006
1163,1.865732
12613,0.94928265
19942,4.1075377
16923,1.9622939
767,0.7886492
13135,2.0546336
18917,2.3500552
17337,2.817851
4915,0.99613667
15897,0.66362035
5716,3.7703087
8809,2.3830502
17292,2.1152816
4122,1.9860618
2639,2.1426282
13165,1.3308125
13790,1.6280146
15960,2.5858338
15262,3.4733403
10540,1.7280468
13697,2.1287856
7732,1.152868
1757,1.2389255
10223,0.5962192
20219,1.6966585
17001,1.0042241
7712,2.8455138
721,1.9535729
7709,2.6565728
1429,1.9690844
15236,1.4101813
5779,2.63473
2380,0.8873641
7678,4.4607763
15963,1.819321
12910,0.8607974
15361,1.3637102
20322,1.9315135
11607,1.8968292
16191,3.8933685
5292,1.9908499
3140,1.627034
5131,1.508271
19169,2.4964378
11461,0.88804084
17056,2.0447974
18152,2.7152038
2090,1.6104923
13625,2.1731763
4769,1.2038454
4527,4.50296
3379,1.0634879
5493,1.6062193
8858,1.627795
2240,2.0414758
3399,1.5853093
14162,1.7117946
19936,3.2847817
13598,1.8289843
6662,1.0688833
13383,1.1947625
2754,0.70672977
17597,0.66597176
15891,1.7504015
10806,1.4807991
9792,1.3774767
18799,1.3724006
3714,0.57954353
12975,1.9714038
1495,1.3053839
7710,0.2550007
4973,1.6433163
6890,1.1440256
13684,2.0860624
14883,1.8481839
4600,1.1643082
4053,1.290755
18481,3.8547816
18466,1.2833732
6234,0.7746341
10408,2.4146733
10423,2.125732
5766,2.8085036
205,1.7524979
9738,2.687453
6028,1.0303651
15002,3.387857
20575,1.3032157
19707,1.2838141
16058,4.571607
16842,1.3360214
3984,1.2954128
8955,3.0274444
8311,1.5670384
12398,1.7756507
18211,3.1642876
16757,4.705159
14301,0.975948
7023,1.6735003
6883,1.3611865
9578,1.1480395
16156,1.3496382
904,1.5458248
7828,1.5207058
16224,2.8074498
11863,2.0943182
15718,2.0220022
11684,6.0519705
2991,1.722339
6824,2.9595304
13907,2.1833272
3481,4.3239675
18066,2.0082529
2580,1.7257507
20087,3.4576573
11890,3.1350303
7069,1.3829396
16461,3.384713
9673,2.201367
14202,2.5237045
20562,4.3706436
15345,2.047861
1117,2.13438
8010,2.33404
14998,3.2524219
4215,1.3616536
10832,2.716735
11093,2.338636
3974,1.3306078
3669,1.4825275
18473,1.5962819
3883,0.80094683
10710,2.2924457
17731,1.7437649
18610,2.4566407
12681,1.6160675
19579,3.7370505
10158,1.9807937
5780,3.6290157
11739,2.3631432
1065,1.6313107
7140,0.5317422
19402,4.924227
3248,4.7205586
947,1.6773777
17567,2.8922076
17783,3.7732139
18965,1.0548553
9059,4.9160953
15929,2.4118233
14701,4.76601
3729,4.0258284
19789,2.2310002
10200,4.595229
7958,3.60568
1966,1.9689922
8593,1.7133071
5861,2.0565267
4388,1.9765037
11619,3.0045333
7514,1.2120241
10625,0.72410244
15841,0.77924335
19674,1.7413876
6900,3.4388626
16966,3.0000405
4936,0.78387326
19217,2.7651343
5988,1.7712104
2272,0.8753217
15700,1.934432
17589,1.6317184
14064,3.593417
15368,0.9208891
9630,3.2034583
16509,4.6235785
15170,1.5364525
146,2.440005
8726,1.0290354
5177,4.1140647
17141,2.5564857
18258,0.8703699
945,2.1075428
10769,1.2863599
3031,1.8470666
9730,4.8764687
3145,1.0993545
19391,3.0160956
12160,1.6233885
14846,0.500612
7525,1.5794007
3101,0.9500596
11581,0.6189569
12142,1.972488
4844,3.2274613
2761,1.4676995
3524,2.8849387
18949,1.043071
4735,2.299164
13549,5.352742
11627,0.96980965
3529,3.8689532
551,2.7675314
18647,1.0872558
18441,0.61547494
16383,2.6523054
1010,2.194499
14850,2.6808348
10969,2.9640872
17957,3.4889781
15541,2.9060576
835,1.727566
13198,1.4285457
9372,1.2763655
750,2.1605685
10878,1.8233284
10341,1.6712902
10531,2.8407137
1868,2.9851677
1139,1.3252056
20078,4.2010627
14261,1.1526458
12515,2.0504403
4648,2.274705
2134,1.3341811
14094,2.8157754
14255,1.3397529
17544,1.9912279
8086,1.6665194
5377,2.5880656
1276,2.028289
10745,5.0584917
5663,1.01499
1079,3.3900695
2966,2.1278167
11543,2.6412988
11814,1.2883734
20534,2.2284465
7994,1.560876
15570,1.1430261
16985,3.3610184
434,3.4500363
4343,2.6226258
7735,2.366073
5811,1.7359791
3018,1.4790897
13607,1.9608309
6042,1.7521127
12784,1.3129869
4288,1.5552785
13560,1.4351408
19890,2.2874186
7360,1.6461443
19650,1.927947
15862,2.5286088
8553,1.6208076
3767,1.7925539
4248,3.0677204
7566,1.9745691
8340,1.2391351
12976,1.1508592
5038,2.271347
19246,2.8713152
582,1.2741543
8322,1.5256667
6623,1.2695423
1187,2.4858575
17338,1.781654
14555,1.0094407
9443,1.7770268
6928,1.57055
13508,1.2862241
3117,1.0549018
20616,1.7325618
5536,0.6374347
493,1.3893245
20406,1.9994999
13904,2.072987
15495,1.7765898
2279,2.0569267
16275,1.3770946
3611,0.97843057
14294,1.4203076
10422,1.2861202
19073,2.733624
5786,2.4078803
9619,2.4376106
19959,4.724148
12511,2.3971388
20014,1.1797874
5733,2.1246352
9412,1.1143916
13425,3.0479705
12965,2.3220077
14125,1.9924173
13946,2.6825275
1505,1.7450094
10779,1.5054362
13222,2.338592
4071,3.1083195
5717,2.1735752
4264,3.3212898
5782,3.1525905
8253,2.264937
7776,2.2169304
13150,3.2926698
737,1.3302265
14655,1.6374012
8922,3.2420602
2169,3.5957007
3513,0.89161026
11353,1.7455921
10896,1.7353146
17948,1.2373604
14023,1.6114848
7858,2.4657562
15173,2.234473
14240,3.2346675
16942,3.459085
2767,0.5670313
5916,0.5058463
7966,2.26543
1067,1.6569488
19721,1.0889218
12525,1.5825735
16684,1.351121
19365,1.3265109
3096,3.4037628
10590,2.8315964
11692,1.0481402
15219,4.0205965
9569,2.4232056
17049,3.304652
8917,2.5343206
2414,1.0398029
13010,0.9287699
13657,1.2378267
2875,1.5700163
7596,1.045701
13089,1.9006981
13617,1.7872612
4572,2.3216548
2988,2.6605487
13456,1.9726818
13008,1.3217366
7067,3.6489232
9505,0.7744069
4089,2.0685902
19962,0.805585
13489,0.75295544
7636,0.5469674
20004,2.941066
8900,0.76942706
9557,1.9715044
9512,1.8819993
10263,1.3995397
7085,1.154362
13204,2.113768
14198,2.7551658
4044,2.0389717
19763,3.1062639
7298,1.1601511
2931,1.6081917
6094,2.932891
11532,2.066917
7989,4.0405436
6613,2.1182523
5193,2.2778203
15311,1.2022947
17912,1.0462334
9442,2.1456037
18571,2.4685912
9948,2.2754216
20430,1.7068408
10765,1.8085403
19504,2.5517645
10666,2.2506614
11389,3.03768
9993,2.8250518
20559,1.2800134
15786,2.4147172
20556,1.0084383
19025,1.8202677
6558,0.91668093
9192,2.0853055
443,0.9758671
13533,1.760088
11008,1.4313494
2257,1.6475197
14320,1.0687063
271,1.3095866
14139,1.6462555
18514,1.2884964
4961,2.586429
1759,0.82575303
9991,1.0644884
4934,2.5493877
17188,1.967479
18130,1.5295827
19521,2.3106754
2328,1.3825842
12454,1.5490892
19050,1.3132708
16375,2.8798132
1146,1.1630771
1468,1.3537124
8213,1.3593856
12213,4.3758554
9041,0.9289138
17508,1.7991898
508,1.0625789
14443,2.7951057
14538,4.105647
2725,1.0871665
9571,2.378616
2947,2.1116757
18200,2.7989259
1862,2.1198697
2251,4.6108017
3558,1.6140016
15312,1.759744
7986,0.9499318
17346,1.3833456
4452,0.90469015
13854,2.1154158
15723,1.7626072
5240,1.0951456
10760,3.4155128
2137,1.1450887
16795,1.9281826
18099,3.9981232
16132,1.6909611
5374,3.8783004
12444,1.0115293
8004,2.2098303
12946,3.3024986
14388,0.7140255
4632,1.8735993
11725,2.3593495
3924,3.0563934
1976,1.6879756
9608,1.0351188
573,1.8503857
9787,1.8891672
10035,0.6884327
12430,2.5313005
10508,1.7399302
2473,2.9897609
6053,0.81769055
9798,1.8043693
3949,3.6104717
15089,1.6532996
9852,1.9953302
2363,2.2297492
11282,1.2593043
1686,4.2924047
10713,1.3503983
18359,1.8107554
8657,1.0532804
14065,5.2020617
19154,1.7271458
15053,1.5989186
19338,1.9819825
19243,1.9282395
16334,2.4567618
16704,3.274648
9890,1.2191211
5559,2.8128598
3845,1.5052856
12387,1.7376804
290,1.6552242
11615,0.89716816
15512,2.454001
14206,4.219945
9652,1.7599418
6198,4.5623484
17342,1.7622135
1564,3.494547
7498,3.2260253
16346,0.90024126
20325,2.1085842
19638,3.3561604
5227,1.4828393
2026,2.8429823
14097,5.0051613
6090,3.6043441
15469,2.1216378
5201,2.5883527
10060,4.6208525
14827,4.959768
37,3.051096
7343,1.6970894
17575,0.93256605
19053,3.1052604
11885,2.6349862
19435,1.5279402
5573,1.9273704
12912,2.167754
4359,2.968782
17492,1.0270853
15150,3.8111713
16953,0.6425292
13756,1.8272661
961,0.49035615
890,2.0868833
4641,2.1348147
11242,2.362619
8622,1.4892797
12921,2.4423172
6940,4.0399795
13191,0.9576389
10654,2.0995302
2426,2.856638
15434,1.9613587
6480,2.5856833
11938,1.3240669
18049,4.087292
20068,2.6053524
7829,1.5424759
14844,0.81500685
4272,1.751303
9132,1.3984025
16085,1.5473154
1863,1.2516247
18654,3.72546
4785,2.7049015
18226,1.442141
1175,1.2264532
16466,2.372046
9648,2.4219773
16169,3.0484383
17414,2.321888
15438,2.2988079
18576,0.7351333
250,2.6262243
1396,3.7809825
5205,1.3213451
13711,2.5843866
12581,2.019343
8278,1.4580408
15732,1.3858718
10686,0.6061542
20343,1.2299856
20466,2.580483
9950,1.585655
631,3.3005714
13747,2.5293875
10990,1.2130018
18170,1.3683027
19382,1.6019331
15498,2.1386852
10626,0.5969403
7722,2.1247115
12569,1.3642352
11491,1.4299672
5153,1.6332201
14417,1.7479489
18997,2.786654
8813,4.117593
2275,1.0878899
2667,1.7373028
5589,1.773915
12216,1.6763684
9562,2.4564598
12055,1.937851
16048,0.865981
185,0.85963345
17705,1.8877541
16993,2.6995366
2372,1.6070302
5965,2.6553211
18023,0.6800734
11378,3.108522
2616,0.47795206
11010,1.3239008
15681,4.691552
8483,2.2171106
13631,2.5211759
15870,1.9591795
12919,0.831632
20458,3.8828406
16556,4.8528914
18271,3.4146342
3950,2.990465
15895,0.7087171
14532,3.6176891
12814,2.03932
12232,3.3876095
684,2.2693977
11039,0.6234795
19238,1.4027569
7834,1.6329558
15223,2.6145072
19096,1.6705923
8443,4.6898084
6843,1.539317
18301,0.7317649
10605,1.5715629
12554,1.1504389
212,2.44179
6792,4.5236
9432,1.974417
8527,1.5476267
9416,2.1619847
9726,1.3543001
5497,0.63547707
1604,1.6221565
2967,1.7459797
6019,1.2253174
5333,1.7808212
751,1.8417206
19838,2.2619574
4116,0.9819379
17040,3.7488754
16569,1.2820988
19051,2.700164
11476,1.1440837
3985,0.9870466
992,4.2988777
14363,3.3754907
1341,1.5847352
3689,1.8741658
19543,1.4442871
16649,1.5996745
15690,3.5833135
3430,2.7403135
20588,2.0118325
4940,2.2456672
4997,2.5868943
14321,1.2549703
9735,3.576778
8791,1.289565
1471,2.2323165
2552,2.0234592
10789,1.7144705
12283,1.1439312
15908,0.61088896
14197,1.6408141
18947,1.535703
13586,0.6665599
2692,2.3610168
2509,3.2365875
5561,1.0257661
5186,0.79042846
19486,0.6876786
17083,2.3574142
5960,4.2331967
8960,2.1285157
7936,1.1722959
8431,3.3613555
355,2.7397811
12192,1.2611035
5984,1.1924592
2584,1.3116548
4880,0.90482557
11681,4.6496882
1618,1.6903956
9156,2.0642235
15279,3.3034115
9878,1.5728648
17281,1.4705846
19999,1.6309582
16627,2.0869448
7113,0.7321703
16297,1.9774468
17018,1.6212498
8481,3.6229005
9149,2.3507671
6771,1.1556511
2935,0.7156172
16927,1.4474123
8494,3.1866453
16458,2.3690472
18817,1.8397366
5771,0.9100822
18682,3.170798
4653,0.9417326
1511,1.722382
17321,1.415181
1138,2.2679334
12206,4.060206
16166,1.0419893
3253,0.8957988
5137,2.2016113
6638,0.66380095
19917,1.6464974
16660,3.5249753
7956,1.5974704
13023,0.7698777
10648,1.7479509
10921,1.8389854
9882,2.268711
18678,2.5736597
2261,1.2412703
18294,1.7648518
19207,1.4476761
17574,1.9085413
13518,0.84982157
17579,4.7992773
8998,1.3802007
4746,1.2543501
4255,1.8241955
17066,2.147362
815,4.574188
7515,2.4761589
1559,1.7135397
1302,1.8553817
10931,1.1923997
12231,0.8586165
17789,2.9691043
8550,2.8518176
16563,0.7637494
2141,2.9315639
8274,3.2398903
13249,1.4591067
12805,1.5104755
6985,1.7733685
17513,1.3196347
11689,3.2353654
9833,1.5219662
15247,1.1724628
1801,1.6491263
13287,1.3651025
3658,0.89559424
4375,2.952991
13523,1.4792522
2551,0.9583742
2466,1.4694976
4306,1.4067819
14852,0.7333776
12807,0.9052888
11221,1.4086376
5405,1.4760643
16057,2.7708395
13579,1.9632288
4673,1.1537769
8233,1.3034561
16359,1.4885534
17194,1.3685709
11588,4.691798
11746,0.7650497
17997,5.0941005
47,1.0084348
19253,2.4220421
4022,1.3376826
12615,1.0604851
10817,1.2827921
8779,2.5002189
18763,1.6771858
20449,3.9359906
19270,0.94452095
3496,1.3932434
7124,2.9596467
10903,0.811018
121,2.2926273
4803,1.870451
17308,1.1891607
17210,2.0017076
6173,0.70392776
6387,0.8981887
2085,2.437003
8117,1.751899
5824,1.2894337
17029,2.8717399
8570,1.1065251
5607,1.9410384
11405,1.9549153
1996,1.1363058
5724,1.2631752
5060,2.5246134
12583,3.0249848
14007,1.0287534
3692,1.2431602
19731,1.6427981
20353,1.5364792
17067,1.6748282
10241,1.8725281
5849,1.2508872
13942,1.0536081
8882,1.3775254
9082,2.3603766
1423,1.4493238
8834,1.5386381
840,3.0585055
13914,1.4351814
500,4.283652
11858,2.2404962
16596,3.4847553
16762,1.5634158
5817,2.0398564
3127,1.6829761
15957,2.78424
843,2.9000688
1659,2.1423888
